Latitude,Longitude,Cities,City IDs,Countries,Date,Max Temps(F),Humidity(%),Cloudiness(%),Wind Speed(mph)
-30.04248532615879,159.93102412201927,byron bay,2172880.0,AU,1520496000,73.4,69,40,14.99
-21.669445004936065,31.96803483022026,chiredzi,893485.0,ZW,1520497329,87.91,68,0,3.98
53.40704024926771,148.43818239561642,vostok,2013279.0,RU,1520496787,18.97,83,88,2.3
82.6159891952617,-48.868469017931886,upernavik,3418910.0,GL,1520496755,-5.88,100,44,15.05
76.11964603485356,-144.24655550739027,fairbanks,5861897.0,US,1520495880,12.2,85,1,9.17
-15.813011585344526,-144.0653499266223,tautira,4033557.0,PF,1520496000,77.0,83,40,3.36
-44.21537191966624,-98.40996681647046,castro,3896218.0,CL,1520496745,56.0,100,92,3.58
7.550022316287681,-89.43848619158007,santa cruz,5393052.0,US,1520494500,62.6,65,40,2.3
26.30326745320535,-68.22947081613961,cockburn town,3576994.0,TC,1520497211,75.49,100,0,10.29
82.85809189899746,-75.19161092437392,qaanaaq,3831208.0,GL,1520496766,-16.14,93,12,5.03
33.54205062480365,-136.57343872582035,fortuna,2517679.0,ES,1520494200,53.6,100,90,3.36
-85.82886145376929,155.75663825545143,bluff,2175403.0,AU,1520496785,82.69,40,68,16.96
-20.484355193817976,39.459750405575505,quelimane,1028434.0,MZ,1520492400,82.4,83,75,3.36
46.01258124772295,137.23104700417775,terney,2015352.0,RU,1520497335,25.63,100,88,9.35
32.594673077971535,64.91356173148452,sangin,1127547.0,AF,1520497335,74.77,57,68,5.03
59.72991032597602,6.980503427669305,odda,3143830.0,NO,1520497336,20.86,89,80,2.3
3.981637054256012,-152.020304834262,hilo,5855927.0,US,1520495760,69.8,68,90,5.82
44.04025333738886,-43.790940123478066,torbay,6167817.0,CA,1520492400,28.4,86,90,11.41
-3.8731623842136713,-70.25405239101703,puerto narino,3671387.0,CO,1520496000,75.2,100,75,4.7
-35.767673109459096,-2.0036382791142273,luderitz,3355672.0,NA,1520496921,65.32,75,0,16.06
-38.29933211827692,83.91894782237222,bambous virieux,1106677.0,MU,1520492400,84.2,66,90,12.75
49.63010083774063,-122.89501715509326,vancouver,5814616.0,US,1520495580,48.2,65,90,3.36
-37.305016270677754,-68.24470071641358,neuquen,3843123.0,AR,1520496000,69.8,46,0,5.82
-46.79508729108683,66.6755679399144,saint-philippe,6138908.0,CA,1520494920,30.2,92,90,11.41
20.706540431535075,-162.62806797282028,kapaa,5848280.0,US,1520495760,69.8,68,90,19.46
-45.32527381953392,-145.58605154953068,mataura,6201424.0,NZ,1520496767,56.14,94,80,8.5
-33.627231159323934,26.705370746947665,port alfred,964432.0,ZA,1520496774,68.83,93,76,16.78
-43.565044883942015,-112.60073394323041,rikitea,4030556.0,PF,1520497340,81.7,97,64,13.53
-81.16171984835643,76.90450272590328,busselton,2075265.0,AU,1520497340,76.07,83,8,13.87
47.126614009855274,102.06216654105538,bulgan,2032201.0,MN,1520497341,47.05,37,32,6.26
40.60576010059532,-151.217705835187,kodiak,4407665.0,US,1520495580,24.8,85,90,8.05
-7.040512330349756,-127.88367356355727,atuona,4020109.0,PF,1520497342,82.96,96,0,21.7
-29.25409566434223,16.84855747057648,oranjemund,3354071.0,ZA,1520496937,63.38,96,0,14.76
17.284769251024755,-92.09046266658694,yajalon,3522484.0,MX,1520497342,61.13,83,68,1.86
58.80383810217651,-122.44717171949253,fort nelson,5955902.0,CA,1520492400,5.0,77,5,3.36
77.12426727267228,120.7176840527228,saskylakh,2017155.0,RU,1520496786,-27.52,43,0,9.01
30.603270945557597,-42.2358868162172,ribeira grande,3372707.0,PT,1520494200,59.0,93,75,19.46
26.0844876176767,108.34564119950585,xiaoweizhai,1789945.0,CN,1520497343,52.85,56,0,7.11
-86.93891834942185,58.08967932379059,east london,1006984.0,ZA,1520496180,75.2,64,75,14.99
53.971483336126965,-18.269549014947017,dingle,1714733.0,PH,1520496785,87.77,49,8,13.15
-43.079284231757555,-2.6444165261384,saldanha,2737599.0,PT,1520496892,44.08,98,88,6.71
72.1187321010811,26.145288659293954,honningsvag,779554.0,NO,1520495400,15.8,72,20,8.05
-60.15980136982419,-90.72136588711338,punta arenas,3874787.0,CL,1520496000,46.4,65,20,24.16
76.94777199472784,-150.21752210172698,barrow,3833859.0,AR,1520496834,61.22,57,0,10.74
40.206045903219064,43.77346343875129,baghramyan,616631.0,AM,1520494200,57.2,58,64,1.12
72.44599725449186,-70.03762209415099,clyde river,5924351.0,CA,1520495700,-22.01,74,90,6.93
-4.30192258418721,-98.09612230657555,puerto ayora,3652764.0,EC,1520496797,77.6,99,88,9.24
74.02364622000039,-41.24645616607626,tasiilaq,3424607.0,GL,1520495400,21.2,85,75,4.7
57.878492487115494,-90.33145245502413,thompson,6165406.0,CA,1520492400,-0.41,84,20,2.46
69.1072322028621,-17.614009028407025,husavik,5961417.0,CA,1520497348,-4.75,53,0,3.02
53.44745680361791,-88.5375309197166,geraldton,5960603.0,CA,1520492400,19.4,85,90,5.82
-22.816745388852993,-48.75067579595978,sao manuel,3448545.0,BR,1520497349,66.85,97,12,9.91
2.4638625640694016,24.747683822830965,buta,217570.0,CD,1520497350,80.08,77,12,3.09
-18.333752790669095,21.59920602278828,shakawe,933077.0,BW,1520497350,81.88,70,20,4.7
12.181190115878337,54.357160779801546,bereda,3105522.0,ES,1520496000,50.0,81,75,16.11
-72.43022180922563,2.441830084582193,hermanus,3366880.0,ZA,1520497350,66.17,71,36,3.09
-71.80633482585688,119.41670854680939,albany,5106834.0,US,1520496600,30.2,92,90,8.05
35.44708280390296,-115.96705946368834,pahrump,5509851.0,US,1520495760,46.4,21,1,4.7
51.774714896546044,-27.539392438546543,lagoa,2267254.0,PT,1520496000,60.8,93,40,10.29
-77.21612590551516,-26.778374511787945,ushuaia,3833367.0,AR,1520492400,42.8,81,40,4.7
-31.348156638456118,113.7493423689599,perth,2640358.0,GB,1520495400,33.8,84,20,2.75
37.26827149568308,68.56492235121036,dusti,1221871.0,TJ,1520497353,67.97,69,12,6.6
31.94000822811732,-110.1182105041935,sierra vista,5314328.0,US,1520495880,55.4,17,1,9.17
56.5578024955943,-171.67114125482794,provideniya,4031574.0,RU,1520496842,27.52,99,88,18.12
29.06092226134608,116.33007454836161,nanchang,1800163.0,CN,1520497354,53.8,70,0,11.81
19.256437532085698,144.30753042143795,airai,1651810.0,TL,1520497354,75.4,84,64,1.68
43.167566220433656,55.18453749893388,beyneu,610298.0,KZ,1520497355,33.28,99,100,11.36
-31.508199366704005,-162.88185383766432,avarua,4035715.0,CK,1520496000,80.6,83,20,8.05
19.63625467005336,-35.732464802438415,ponta do sol,3453439.0,BR,1520497355,66.35,99,88,3.09
30.231348010449125,136.81405843455184,shingu,1847947.0,JP,1520494260,62.6,93,75,24.16
2.1999851404053032,-31.32176439764413,touros,3386213.0,BR,1520496888,80.62,83,100,7.23
45.69443969718668,107.81082057518444,mandalgovi,2030065.0,MN,1520497356,39.62,72,36,12.82
39.371219492060106,162.43086829715992,severo-kurilsk,2121385.0,RU,1520496829,23.65,100,68,11.92
-48.26457354969634,-5.289786622914249,cape town,3369157.0,ZA,1520496000,69.8,56,75,11.41
-77.75103369361312,177.42573936523468,kaitangata,2208248.0,NZ,1520496784,57.22,86,80,6.78
21.866593970412282,145.75923521378002,katsuura,1865309.0,JP,1520495220,50.0,100,75,6.93
34.60440526552689,-149.5936118148133,kahului,5847411.0,US,1520492160,69.8,73,20,12.75
34.36958848600365,67.16399172744545,panjab,1131162.0,AF,1520497359,36.7,83,36,3.47
73.83818986582406,123.2248225159999,tiksi,2015306.0,RU,1520496799,-26.98,42,12,2.86
67.80647934468854,-121.28197732826541,norman wells,6089245.0,CA,1520492400,-13.01,75,20,2.24
-7.511246213184691,136.28529822435246,tual,1623197.0,ID,1520497360,84.17,100,24,18.34
-77.86013298379919,32.18721041606145,port elizabeth,4501427.0,US,1520495760,37.4,69,1,8.05
-42.15770439079693,-18.144177509322674,jamestown,2069194.0,AU,1520497304,72.65,50,56,11.25
56.86285273182605,-126.5082984716662,smithers,6149996.0,CA,1520492400,12.2,85,40,1.97
-31.69897251791049,-154.7374906242167,avera,4231997.0,US,1520495700,37.4,80,1,6.38
-22.88397896899049,121.04193611472613,port hedland,2063042.0,AU,1520496000,96.8,37,0,17.22
-25.064754862537967,-36.75479036397792,sao joao da barra,3448903.0,BR,1520497015,77.56,100,92,4.88
21.40185641346939,-77.92091264988203,camaguey,3566067.0,CU,1520495400,62.6,82,5,3.36
62.398700028609,42.27744031790729,bereznik,577240.0,RU,1520497363,7.81,76,0,6.49
8.940361482419235,-3.876693127407549,dabakala,2290609.0,CI,1520497363,76.57,100,0,5.7
4.525940182589949,-20.600961372533646,bubaque,2374583.0,GW,1520492400,71.6,88,0,4.7
-5.949302551934252,-51.55477974986886,sao felix do xingu,3388847.0,BR,1520497364,72.34,100,68,2.08
60.477769818481676,92.62010920298025,teya,3526662.0,MX,1520495040,73.4,83,75,6.93
-22.20502398844576,5.218421745398189,henties bay,3356832.0,NA,1520497365,67.12,96,8,3.36
53.05171747348291,107.5655133839386,khuzhir,2022143.0,RU,1520497365,13.03,82,80,4.59
39.39519741101134,4.479514307564301,mahon,2965139.0,IE,1520496000,33.8,100,20,9.17
-55.060605052056275,132.80419596800851,new norfolk,2155415.0,AU,1520496000,62.6,77,75,14.99
-61.712105601423715,-178.1790120973978,vaini,1273574.0,IN,1520496803,93.76,29,0,3.36
39.204464764012044,128.35168042776166,seoul,1835848.0,KR,1520495760,50.0,75,75,16.11
84.73480115204768,167.23552893933845,pevek,2122090.0,RU,1520496788,-9.88,100,64,11.74
-22.666841986987365,46.09863456618967,ihosy,1064275.0,MG,1520497367,87.37,41,0,6.11
-27.973267677498526,-59.254503426772686,san lorenzo,3437056.0,PY,1520496000,64.4,82,0,4.7
82.53270715445484,79.14036155911475,dikson,1507390.0,RU,1520497370,-6.73,100,44,22.15
-75.31121599344054,18.287620840883733,bredasdorp,1015776.0,ZA,1520496000,75.2,50,44,11.41
7.852780401864052,-67.99536649328708,calabozo,3647444.0,VE,1520497371,75.35,76,0,11.07
35.876592168056774,118.20236829878837,nanma,1803546.0,CN,1520497371,43.81,42,0,3.31
-64.98413161392436,-27.507468812151615,mar del plata,3863379.0,AR,1520497372,66.35,60,76,19.19
51.8290889757173,-123.04170467890006,williams lake,6182212.0,CA,1520492400,21.2,73,75,5.82
-12.681820211648088,85.06692926875866,hithadhoo,1282256.0,MV,1520497373,84.94,100,80,12.3
56.429643415551425,110.39168814824637,kichera,2022129.0,RU,1520497373,10.37,61,12,1.3
-5.687684525113752,-24.64869070445735,cabedelo,3404558.0,BR,1520496000,73.4,94,0,8.01
-53.439505686225665,153.40116794747104,hobart,2163355.0,AU,1520496000,62.6,77,75,14.99
20.141986023278207,-43.16905070533085,sinnamary,3380290.0,GF,1520497374,79.4,95,92,12.82
3.329883519879189,-104.84329883255526,acapulco,3533462.0,MX,1520494980,73.4,88,5,2.24
4.901976676490449,48.943889335922165,hobyo,57000.0,SO,1520497374,85.25,60,0,19.19
40.141255435657996,-94.7422478624075,maryville,5056172.0,US,1520495700,26.6,79,90,11.41
44.75200321681959,46.09576306354424,yuzhno-sukhokumsk,466060.0,RU,1520497376,44.89,100,80,5.03
17.652889814935904,117.92833374308219,catuday,1717787.0,PH,1520496932,84.94,81,12,10.92
87.40566523026163,-124.79726516176726,tuktoyaktuk,6170031.0,CA,1520492400,14.0,74,76,12.75
-30.73340172132884,165.6787866194215,vao,588365.0,EE,1520496944,22.88,85,64,10.07
0.7848591213149234,-71.73158493137892,miraflores,3674735.0,CO,1520497377,48.67,94,88,1.19
71.95788735072307,23.86732271189365,havoysund,779622.0,NO,1520495400,15.8,72,20,8.05
63.71957464817419,-5.358741254428168,klaksvik,2618795.0,FO,1520495460,32.0,100,75,21.92
49.68538943254612,-40.65925547771013,nanortalik,3421765.0,GL,1520496970,17.75,100,0,2.35
75.14503484699071,147.52214731114242,chokurdakh,2126123.0,RU,1520496809,-27.84,45,12,2.98
35.38693967488996,-27.7519555121886,ponta delgada,3372783.0,PT,1520496000,62.6,93,75,13.87
19.0797830423208,77.71828421700116,mudkhed,1262651.0,IN,1520497379,98.35,22,8,8.9
58.545450172391696,50.7497340829091,belaya kholunitsa,578152.0,RU,1520497380,12.98,82,0,13.38
-2.2137977632208674,-152.38065064171917,faanui,4034551.0,PF,1520496807,82.42,98,0,14.43
-1.743580905208887,95.4943526599834,sibolga,1213855.0,ID,1520497380,76.84,98,48,1.52
55.138163452274114,-91.45103352134622,sioux lookout,6148373.0,CA,1520492400,15.8,92,90,2.24
21.324546101447268,57.84010889080352,ibra,287832.0,OM,1520497382,81.7,36,0,4.21
6.899937798626922,130.28532247895896,santiago,3871336.0,CL,1520496000,57.2,82,0,6.93
15.598138878288694,-74.0817905586887,les cayes,3728097.0,HT,1520497105,78.01,100,68,11.36
28.273184155006092,94.43907674066384,along,1278969.0,IN,1520497387,70.9,55,0,1.97
-1.59014293803466,-53.45978978804662,prainha,3391287.0,BR,1520497387,74.32,100,20,2.35
18.13849204005996,25.24253247429928,kutum,371745.0,SD,1520497388,86.92,16,0,11.41
-39.49118895700285,-58.53545143309533,necochea,3430443.0,AR,1520497388,58.03,69,0,9.24
-14.424687755690783,-28.6498968889818,maragogi,3395458.0,BR,1520497389,75.35,99,36,8.39
36.655606612973415,143.30340103193356,namie,2111704.0,JP,1520493780,42.8,100,75,2.24
-16.788017211631356,5.388665657870376,namibe,3347019.0,AO,1520496875,75.62,100,0,2.35
31.384382544033713,154.68104886352825,hasaki,2112802.0,JP,1520494200,48.2,100,75,3.36
-56.94859871968896,-18.904909313058084,arraial do cabo,3471451.0,BR,1520497391,76.25,100,48,2.19
66.19097770982629,-59.98221395019583,pangnirtung,6096551.0,CA,1520497391,-3.81,65,48,3.58
79.28914546350984,-111.50805519925743,yellowknife,6185377.0,CA,1520492400,-2.21,84,75,2.24
31.591854049203647,-59.025168754215,saint george,262462.0,GR,1520495400,59.0,58,40,13.87
-3.739681823617758,-73.96506919185248,iquitos,3696183.0,PE,1520496000,75.2,94,90,3.36
23.094144285226108,-86.83202327151322,isla mujeres,3526756.0,MX,1520495040,68.0,100,20,3.36
46.319143466408974,7.155146617302648,bex,2661527.0,CH,1520495400,39.2,74,0,5.82
53.01958312966684,142.94036578276206,tungor,2120400.0,RU,1520497393,-4.17,81,8,2.8
-4.9845568772509665,119.28247790293796,makasar,1642911.0,ID,1520496000,86.0,70,40,8.05
49.76145720631314,-134.63547218279055,prince rupert,6113406.0,CA,1520492400,32.0,100,1,9.17
37.236522942297086,94.00106649630828,yumen,1528998.0,CN,1520497394,55.69,48,0,9.62
-4.613581665617332,21.127674444712,mweka,207596.0,CD,1520497395,85.03,76,20,3.8
-67.96172426022126,27.220115868366975,kruisfontein,986717.0,ZA,1520496896,68.56,76,24,16.84
73.36850055934056,160.2859283466952,cherskiy,2126199.0,RU,1520497395,-12.9,61,44,7.72
-50.998604807254964,130.79290665762585,mount gambier,2156643.0,AU,1520496875,74.9,47,0,4.81
25.548808161263167,73.01635352820375,takhatgarh,1255213.0,IN,1520497396,92.86,27,8,4.99
47.12966052051917,166.30937895742096,nikolskoye,546105.0,RU,1520494200,17.6,72,0,13.42
-46.41585384124942,160.79387450433052,tuatapere,2180815.0,NZ,1520496812,55.69,100,88,11.81
-2.7762119540789882,-81.86586922511314,salinas,5391295.0,US,1520495700,53.6,81,90,3.8
68.2105926529564,5.618581380899144,bud,7626370.0,NO,1520495400,35.6,74,0,6.93
26.565148678351676,116.35825218706782,yongan,1806687.0,CN,1520497398,38.63,46,0,5.88
29.918603499106467,-108.05316521376352,benito juarez,3991622.0,MX,1520497398,50.38,63,0,3.36
15.868943094152627,-160.55741889302539,makakilo city,5850554.0,US,1520496360,69.8,100,90,5.82
52.27208341819792,141.561891179028,lazarev,2123836.0,RU,1520497399,5.42,69,24,6.22
56.03192845942405,-58.34411647984386,saint-augustin,3031582.0,FR,1520496000,42.8,81,0,9.17
37.69477184195874,117.6432183943316,binzhou,1816336.0,CN,1520496912,35.8,52,0,8.84
70.68098539751381,-9.610274482510476,hofn,2630299.0,IS,1520496000,30.2,54,20,14.99
-6.4583516474939415,-19.248265917039674,georgetown,3378644.0,GY,1520496000,73.4,94,40,4.7
6.9830230395508295,68.59198812746737,kulhudhuffushi,1337613.0,MV,1520496888,82.96,100,24,7.49
22.14124993067584,64.86793945609537,ormara,1168700.0,PK,1520497402,83.18,56,0,7.23
-33.50510441861311,175.91030591026237,russell,3844421.0,AR,1520496000,68.0,68,0,3.36
76.27123929041261,-43.64586827766911,ilulissat,3423146.0,GL,1520495400,3.2,77,56,16.11
6.25113411607137,-106.56616867222185,ixtapa,4004293.0,MX,1520494860,64.4,100,5,1.52
-13.970613977376289,168.37696821915148,sola,643453.0,FI,1520495400,8.6,65,0,8.05
81.49836677093225,-169.41408224733306,lavrentiya,4031637.0,RU,1520497404,25.81,97,80,11.41
49.62956198171534,10.711686770664613,hochstadt,2925533.0,DE,1520495400,41.0,75,75,5.82
66.47227591675599,93.62775597329244,svetlogorsk,584051.0,RU,1520494200,10.4,60,40,11.18
-9.543220036286513,-31.177249687656,olinda,3650121.0,EC,1520496000,78.8,74,75,6.93
58.49375807631475,-24.781631085601134,grindavik,3416888.0,IS,1520496000,24.8,68,0,1.12
-38.93068493633733,72.6074179950148,mahebourg,934322.0,MU,1520492400,84.2,66,90,12.75
-15.704717852966255,-164.64563298821824,alofi,4036284.0,NU,1520492400,78.8,88,8,5.82
4.203129373951967,41.416439185616184,mandera,187896.0,ET,1520497407,96.91,28,0,11.36
53.623377527006966,-56.78860673209941,saint anthony,5606187.0,US,1520495760,19.4,85,1,6.93
-20.216627076403583,163.89316086902352,poum,787487.0,MK,1520496000,41.0,80,90,12.75
48.82624878678362,108.54205447925182,krasnyy chikoy,2012349.0,RU,1520497408,33.28,54,76,2.01
3.3444995380264686,64.63272451549267,kudahuvadhoo,1337607.0,MV,1520497409,83.45,100,88,11.03
42.117012955790585,30.538461905655907,akcakoca,752584.0,TR,1520497410,52.85,91,92,2.24
52.845342027643625,128.57032836030248,shimanovsk,2016701.0,RU,1520497410,7.09,46,12,3.87
35.69981409292329,-93.27353648754881,russellville,4129397.0,US,1520495580,28.4,92,1,5.21
14.785192208244652,35.38362006256031,kassala,372753.0,SD,1520497411,97.09,16,0,10.25
0.4516490843181913,136.67357984764072,biak,1637001.0,ID,1520497412,82.87,92,12,2.57
66.8157652019427,-71.98114478841237,iqaluit,5983720.0,CA,1520492400,-9.41,83,5,3.36
-11.516824778433971,-59.66301670636115,vilhena,3924679.0,BR,1520497413,70.13,96,80,1.86
56.394739242503476,-106.61634534666138,la ronge,6050066.0,CA,1520492400,-2.21,84,40,3.36
56.8304581623901,-66.53394617739349,sept-iles,6144312.0,CA,1520492400,24.8,85,90,10.29
-53.35925439490289,125.60198391514308,esperance,3573739.0,TT,1520492400,75.2,88,40,8.61
27.992441297451435,-103.33990520135077,ocampo,1697332.0,PH,1520497415,80.48,89,80,6.49
49.356122103279574,-101.56951563234668,carnduff,5917349.0,CA,1520497233,-7.27,43,20,3.31
70.20003767919167,124.6301374032289,zhigansk,2012530.0,RU,1520497415,-16.41,73,24,1.97
-12.973319863381334,111.81373029199864,boyolangu,1648082.0,ID,1520497416,76.12,94,68,3.69
-12.864016854477512,20.228013031531162,luena,3347719.0,AO,1520497416,79.85,64,0,4.99
50.372345803360645,93.61838605937822,khovu-aksy,1503527.0,RU,1520497417,26.93,66,64,3.31
-12.095236478145011,39.013593500745884,masuguru,878054.0,MZ,1520497417,83.86,100,12,4.36
8.945639836856031,91.79505312991643,port blair,1259385.0,IN,1520496999,83.77,100,0,7.9
21.369678930866016,-4.725773951238125,taoudenni,2450173.0,ML,1520497418,72.34,31,0,6.82
-26.870856550279733,-86.35050275000849,coquimbo,3893629.0,CL,1520496000,57.2,87,0,3.36
55.966381751246104,69.96628410970897,ishim,1505453.0,RU,1520497419,12.35,85,64,20.02
-32.816273592131246,128.70396164283602,flinders,6255012.0,AU,1520492400,71.6,53,40,9.17
20.367054734032877,173.22289306611424,butaritari,2110227.0,KI,1520497419,82.87,100,24,6.55
47.692933044285866,-171.28930829153435,bethel,5880568.0,US,1520495580,26.6,79,1,14.99
-10.137452100659218,157.60584858871573,gizo,6693679.0,IL,1520495400,87.8,20,0,16.11
-23.731333218171827,21.783469597796113,lehututu,933726.0,BW,1520497421,67.66,100,48,6.38
-9.573121704845065,-53.66056159878657,alta floresta,6316343.0,BR,1520497422,73.87,97,12,1.68
35.225346812599824,-10.137784058299388,lagos,2332459.0,NG,1520496860,87.05,83,8,7.11
51.60099529745878,124.27673645447635,tahe,2034615.0,CN,1520497422,7.54,36,0,2.86
-28.7057641070147,173.7642011674737,kaeo,2189343.0,NZ,1520496910,62.8,93,24,10.25
9.811443371235711,130.0274640088935,bacolod,1729564.0,PH,1520497423,84.85,54,0,11.14
67.91570624473823,67.15846949089928,labytnangi,1500933.0,RU,1520497424,6.05,96,20,5.88
69.66557541083975,93.27212800911991,talnakh,1490256.0,RU,1520497424,6.73,77,68,2.98
0.2642016159799425,119.15348953004235,palu,1633034.0,ID,1520497424,68.83,93,80,1.86
3.1632243395627455,127.76158490014075,ternate,1682474.0,PH,1520496000,84.2,74,40,6.93
13.449707204141689,150.45475985332365,lorengau,2092164.0,PG,1520496900,84.58,95,88,11.07
37.101635091063514,58.93526101085402,quchan,119115.0,IR,1520497426,56.59,54,8,8.5
46.70257063511616,34.39276873971801,nyzhni sirohozy,699986.0,UA,1520497426,37.42,100,48,6.33
23.971348730583017,-120.7237249294746,guerrero negro,4021858.0,MX,1520497427,51.82,96,24,5.59
47.96698633909827,-141.7618077451434,sitka,4267710.0,US,1520497427,26.08,61,0,0.56
66.19180303903971,10.666256598460649,rorvik,3141310.0,NO,1520495400,28.4,68,0,8.05
2.220553807073941,157.86101916530237,namatanai,2090021.0,PG,1520497428,82.28,100,32,16.11
49.359278474036955,5.431051196743454,rouvroy,2982383.0,FR,1520496000,42.8,87,90,19.46
67.30537926227626,-177.60756966208237,egvekinot,4031742.0,RU,1520496884,-2.37,79,76,15.77
37.60335455331695,-70.54118723008166,nantucket,4944903.0,US,1520496900,42.8,100,75,4.7
54.706870096514535,7.519499341822154,westerland,2757220.0,NL,1520496360,39.2,93,90,13.87
42.15471532026973,-18.559114091987567,vila franca do campo,3372472.0,PT,1520496000,62.6,93,75,13.87
-20.22770304902639,-56.41521634442722,miranda,3674702.0,CO,1520496000,69.8,94,75,3.36
4.636752751606423,25.303545621001007,zemio,235826.0,CF,1520497431,86.92,64,12,3.98
64.9690842681567,133.235057838942,verkhoyansk,2013465.0,RU,1520497431,-20.73,88,44,2.75
48.22990986172269,-0.23290869380005574,alencon,3038230.0,FR,1520496000,46.4,87,90,11.41
5.998838901034162,-51.2564101800678,cayenne,3382160.0,GF,1520496000,77.0,83,100,10.02
59.65682411859362,-114.55914532504302,hay river,5972762.0,CA,1520492400,-11.21,83,20,2.24
22.78757217804403,-114.16515482919841,constitucion,4011743.0,MX,1520497433,44.75,69,0,3.02
-20.052292560451548,40.770539670885455,morondava,1058381.0,MG,1520497434,91.24,69,0,8.23
-20.232822079879725,-66.87644802681,uyuni,3901903.0,BO,1520497434,34.85,95,44,4.25
18.39125221834695,-85.01935932407127,savannah bight,3601402.0,HN,1520497434,77.2,100,68,10.02
80.33854761653666,18.237601718577935,longyearbyen,2729907.0,NO,1520495400,1.4,64,20,16.11
4.612976961615189,128.9530317035008,pundaguitan,1698289.0,PH,1520497435,85.7,91,12,5.32
88.80437070066085,36.398776764356825,vardo,4372777.0,US,1520495700,33.8,60,75,3.36
-14.260683529382106,44.20661279873187,boueni,1090467.0,YT,1520494200,84.2,83,75,8.05
15.062944534428937,-75.5097035160247,morant bay,3489440.0,JM,1520496000,77.0,83,40,6.93
31.454476524360615,132.4176474802399,nichinan,1855476.0,JP,1520495520,66.2,87,75,10.29
-16.88401937830298,150.0503004715522,bowen,2174444.0,AU,1520492400,75.2,88,75,23.04
-8.597839204113313,87.94597318894688,padang,1633419.0,ID,1520497438,82.87,100,24,4.47
60.19262754183495,6.616378244140975,tyssedal,3143830.0,NO,1520497439,20.86,89,80,2.3
64.05460489890825,153.195603001388,seymchan,2121373.0,RU,1520497439,-9.25,65,56,7.9
3.983480906359688,81.27683378932136,matara,3948642.0,PE,1520496857,40.25,100,92,2.24
18.965241697317424,-108.0307899401252,tomatlan,3981391.0,MX,1520497440,61.58,89,0,2.19
6.012192612403268,110.79706035519797,miri,2347470.0,NG,1520497440,91.6,22,32,4.25
16.31810679476132,-81.87549724705134,iralaya,3608828.0,HN,1520497441,74.32,94,44,7.9
24.72404252893874,141.4566011964693,shimoda,1852357.0,JP,1520493900,46.4,100,75,17.22
-8.310394839911169,-75.71669924060033,uchiza,3691094.0,PE,1520497442,65.9,96,56,0.29
17.540777321089152,43.71565655426926,najran,103630.0,SA,1520492400,77.0,14,0,4.7
-43.98685189104522,42.694471479290456,margate,2158744.0,AU,1520496000,62.6,77,75,14.99
32.29628887564391,-96.75279978685933,waxahachie,4740328.0,US,1520494500,48.2,76,1,2.86
-28.665010044058064,-102.27538118862378,lebu,344979.0,ET,1520497444,70.72,38,20,5.37
-47.67271238841712,-38.833311370143235,chuy,3443061.0,UY,1520496872,53.89,100,0,3.47
-48.99310708294491,-77.87106585023146,coihaique,3894426.0,CL,1520496000,57.2,62,90,4.7
-21.839857589824987,170.28076839005098,tadine,2138285.0,NC,1520497445,75.67,100,92,13.38
8.773146410511117,116.07433308748125,balabac,1728675.0,PH,1520497445,84.17,96,24,10.92
-2.1905445296603574,100.66838456593268,sungaipenuh,1625929.0,ID,1520497446,72.52,89,80,1.74
45.58999490849632,-107.06348958514234,sheridan,5438542.0,US,1520496000,37.4,21,1,18.34
34.66442783623616,-123.28083844648305,monterey,5374361.0,US,1520495700,53.6,76,90,9.17
43.569125917772396,-132.96852092732172,north bend,5742974.0,US,1520496900,46.4,93,20,9.17
-43.19763043766491,-45.83909609188041,rocha,3440777.0,UY,1520497448,45.38,80,0,2.68
-25.134204556917155,-43.38974550882986,rio de janeiro,3451190.0,BR,1520496000,80.6,83,75,3.36
71.50949407816995,-142.0565746142923,aklavik,5882953.0,CA,1520492400,14.0,72,90,5.82
37.42763661947153,39.26877208884079,siverek,300614.0,TR,1520495400,55.4,76,75,5.82
22.550776634527992,-63.871951966440164,road town,3577430.0,VG,1520495580,73.4,88,75,9.17
0.7461443425053176,-118.46971532683673,san patricio,3437029.0,PY,1520496889,58.66,86,0,2.68
65.01836912423232,63.36527009762747,muzhi,1498161.0,RU,1520496925,8.48,86,36,7.78
55.57273220284162,59.4766596669198,kusa,538442.0,RU,1520497450,15.28,61,56,9.84
21.117044753672076,-16.543747772661504,nouadhibou,2377457.0,MR,1520496000,64.4,82,40,27.51
-33.555499786868694,164.26464561140295,ahipara,2194098.0,NZ,1520497452,66.49,98,36,14.09
45.39974094358189,24.29296349297826,racovita,669320.0,RO,1520496000,48.2,93,0,8.05
-27.788429833260032,-96.92137838300054,pisco,3932145.0,PE,1520496000,71.6,73,0,5.82
29.79230150290219,81.47122201854688,dharchula,1272864.0,IN,1520496988,45.88,68,0,0.18
18.391522777332327,61.22526347411821,sur,286245.0,OM,1520497453,79.18,82,0,3.47
-33.18059315343381,24.804097457695946,kirkwood,990802.0,ZA,1520496060,71.6,64,20,26.4
-25.818469092150593,-72.75686596659202,taltal,3870243.0,CL,1520497454,49.43,100,44,2.98
58.63555544025235,34.847442114680945,moshenskoye,525025.0,RU,1520497454,17.62,82,0,6.82
-15.375887606040934,-33.15319657818378,conde,3465713.0,BR,1520497455,78.55,94,68,9.57
49.346555780632656,122.83620946558784,zalantun,2033225.0,CN,1520497455,12.04,67,36,2.68
25.563016621469046,30.761850133673533,sohag,347796.0,EG,1520497456,88.18,41,0,4.32
-0.11981887465414331,27.475269790469014,butembo,217562.0,CD,1520497456,77.78,73,20,2.35
39.50532858225495,92.64562163716943,hami,1529484.0,CN,1520497456,63.02,33,0,4.54
15.906886142562868,0.5585552109932337,gao,2457163.0,ML,1520497457,84.04,23,0,9.24
9.380243458119608,17.216787288985728,goundi,2431736.0,TD,1520497457,98.98,27,8,0.45
-26.813183052149654,145.38636223256043,roma,6539761.0,IT,1520495700,53.6,100,0,4.7
39.971530052912925,52.4083880985896,balkanabat,161616.0,TM,1520496952,65.77,46,0,3.2
2.169162164131606,87.36089781936005,hambantota,1244926.0,LK,1520497459,84.94,95,48,8.34
-14.472369252764665,29.198653349136578,kapiri mposhi,913029.0,ZM,1520497459,78.32,91,0,4.47
-3.5703411918085664,151.39269727087822,rabaul,2087894.0,PG,1520497459,82.28,100,76,6.78
57.88905696644494,-52.07144329211853,paamiut,3421193.0,GL,1520497460,22.84,100,0,27.63
-36.10516564236509,-47.78291898867931,rio grande,3451138.0,BR,1520496983,62.44,100,0,7.34
-4.596664491918801,10.95313532033731,loandjili,2258378.0,CG,1520496000,84.2,74,40,3.36
9.497389000885349,125.34489402797777,cantapoy,1718886.0,PH,1520497462,82.15,88,88,11.14
41.83871535258547,-62.32802428486845,halifax,6324729.0,CA,1520492400,32.0,100,90,24.16
60.782407504219975,126.55398653732152,berdigestyakh,2026861.0,RU,1520497003,-10.87,54,48,2.75
52.39015400818255,76.25231424132164,kachiry,1523662.0,KZ,1520497463,12.62,85,0,14.88
44.243746964604014,-80.36308120113755,shelburne,6145890.0,CA,1520492400,30.2,86,90,9.17
-5.797379830734727,-41.603026335089396,sao miguel do tapuio,3388266.0,BR,1520497464,71.03,94,8,5.21
-8.017798076650791,-78.21902490668455,quiruvilca,3698705.0,PE,1520497464,44.44,95,64,2.08
-37.01975852694713,175.25669436213354,thames,2208333.0,NZ,1520496000,66.2,82,36,2.19
28.589673093481338,-134.2435960950266,pacific grove,5380437.0,US,1520495700,53.6,76,90,9.17
59.111034340483855,120.65686719945438,khani,610864.0,GE,1520494200,53.6,93,90,6.93
12.113727584674209,-6.656811821116378,kolondieba,2454934.0,ML,1520497466,82.1,60,0,5.55
29.20453222266076,35.30318460861022,elat,2232283.0,CM,1520497467,71.57,100,88,2.98
59.67378219112828,-139.21206801736068,haines junction,5969025.0,CA,1520497468,7.09,82,80,2.53
-6.491866657573638,-61.554385335496164,manicore,3663503.0,BR,1520497468,75.31,96,80,2.53
50.96101146951338,-117.13729059468443,golden,5962582.0,CA,1520497469,2.23,78,44,1.68
-18.007843121860375,-75.62854460423556,acari,3390864.0,BR,1520497469,69.46,94,64,5.21
36.98303714702777,79.08606204538842,shache,1280037.0,CN,1520497470,63.25,36,0,3.24
24.696356355632744,-121.99022321079971,san quintin,1688687.0,PH,1520496000,86.0,62,20,9.17
72.13100860610848,142.99626180020772,deputatskiy,2028164.0,RU,1520496906,-26.08,38,8,2.75
-22.69227157286052,-70.4241427294203,tocopilla,3869716.0,CL,1520497471,56.18,100,8,2.01
-50.12851048549759,-55.73362236352416,rawson,3839307.0,AR,1520497472,69.91,38,0,12.26
12.7668812220397,-6.409934844855798,segou,2252081.0,SN,1520496000,78.8,65,0,9.17
-7.395399163078196,-68.28459719645734,pauini,3662927.0,BR,1520497472,74.5,97,80,2.53
-33.22783356734832,34.451662676433045,port shepstone,964406.0,ZA,1520497473,75.67,86,92,13.09
59.75055825525132,-3.684990829716668,stromness,5914857.0,CA,1520496900,30.2,79,75,12.75
11.959735430529477,112.42089649823635,nha trang,1572151.0,VN,1520497474,80.53,79,0,14.54
34.96194040732357,-69.08887441677511,hamilton,3573197.0,BM,1520495700,62.6,88,90,9.17
50.22309270711111,-118.5490993229008,lumby,6061958.0,CA,1520492400,32.0,88,40,4.7
67.33099554698592,-57.774747718843116,sisimiut,3419842.0,GL,1520497475,-4.93,67,32,1.34
-21.67927970778281,57.397254890181074,souillac,3026644.0,FR,1520496000,42.8,87,0,6.93
-13.488390657420965,41.01035106539001,pemba,1028918.0,MZ,1520497476,82.6,100,0,7.83
-54.453858483711315,-23.26184591357122,cidreira,3466165.0,BR,1520497476,57.58,93,0,3.09
-22.647287008705646,129.45495997024614,yulara,6355222.0,AU,1520496000,75.2,73,40,12.75
-22.37814543555824,136.667976927599,alice springs,2077895.0,AU,1520496000,71.6,94,90,14.99
22.853404825457773,3.293839040120133,tessalit,2449893.0,ML,1520497477,78.05,37,0,4.59
39.03975384459636,17.358754959381343,crotone,2524881.0,IT,1520496000,57.2,58,0,10.29
7.384400705280456,-56.78333060728053,fort wellington,3378690.0,GY,1520496923,80.57,92,12,17.29
0.8104710028137418,-69.58212140442241,mitu,117392.0,IR,1520497479,58.07,49,12,6.22
39.024438657227876,54.30962312636487,gumdag,161943.0,TM,1520497479,64.24,90,0,4.32
42.76116936506571,-103.77345175767873,torrington,5841207.0,US,1520495580,26.6,63,1,9.17
57.401516391962105,52.22434761396454,selty,497547.0,RU,1520497480,14.92,70,0,10.02
45.940740700590055,19.270262734703266,stanisic,3190042.0,RS,1520496000,39.2,93,90,9.17
-42.79616732581529,-66.43216329681067,trelew,3833883.0,AR,1520497481,69.91,38,0,12.26
21.04218102740461,-68.27317446230919,samana,3655185.0,EC,1520497481,70.67,97,64,1.86
17.609692073045267,109.15135959166167,wanning,3220813.0,AT,1520493600,37.4,94,75,3.36
17.03836895942169,-15.243533437645823,podor,2245170.0,MR,1520496000,75.2,36,0,2.24
16.812969910440827,12.701278373239575,bilma,2446796.0,NE,1520497482,92.63,18,0,4.88
-30.475661513648284,-63.9367911116091,cordoba,3686513.0,CO,1520497482,42.32,80,32,2.08
10.679531836235228,65.88798286907323,kavaratti,1267390.0,IN,1520496936,83.05,100,0,4.88
52.107950608822506,152.29671648485055,oktyabrskiy,515873.0,RU,1520494200,19.4,61,40,8.95
68.11913368615166,101.1974652387155,tura,1254046.0,IN,1520496979,81.02,49,0,3.24
62.41724974099864,40.99706513641607,puksoozero,504187.0,RU,1520497484,4.43,79,0,3.09
49.26994949740407,-109.96467575312491,havre,5656497.0,US,1520495580,-0.41,91,1,2.57
9.440543135599569,-53.66999132483602,mana,789988.0,RS,1520496000,41.0,100,90,2.24
45.26159486215849,23.391276384644044,bumbesti-jiu,683294.0,RO,1520497485,46.73,88,80,0.96
-26.166870600325204,92.29914291966207,carnarvon,1014034.0,ZA,1520496887,69.23,54,0,7.38
14.957823870413321,152.97268446666567,kavieng,2094342.0,PG,1520497218,84.62,100,92,13.76
67.49726846153291,171.9932315746898,komsomolskiy,1486910.0,RU,1520497487,15.28,89,24,8.84
-11.859938851765364,150.47722882108394,samarai,2132606.0,PG,1520497487,82.82,100,36,15.1
53.21100916636448,140.14725506961435,mago,2123621.0,RU,1520497488,0.83,52,0,2.24
29.10433089371287,18.618301526645666,ajdabiya,89113.0,LY,1520497489,78.64,28,0,5.1
-45.40180542700838,131.7333494132074,port lincoln,2063036.0,AU,1520497003,78.64,54,0,12.08
-2.7091018425603437,108.26248608673268,manggar,1636426.0,ID,1520497489,82.28,92,76,7.61
6.4789894891584225,-108.60765956672212,lazaro cardenas,3996234.0,MX,1520497451,43.9,66,0,2.98
21.391898965675068,113.76573829946636,zhuhai,2052479.0,CN,1520492400,37.4,19,0,11.18
-41.19288519502953,157.95435181394362,ulladulla,2145554.0,AU,1520492400,71.6,53,40,9.17
44.07575687135039,-1.4843111307418155,biscarrosse,3032556.0,FR,1520496000,42.8,93,0,10.51
-26.82578240211781,-61.16971702819244,presidencia roque saenz pena,3840300.0,AR,1520497491,60.37,75,8,3.53
-2.3107654399676676,36.01136222613016,magadi,1264514.0,IN,1520496000,87.8,31,0,11.41
51.8574606112347,-118.20911495833525,revelstoke,6121621.0,CA,1520492400,28.4,86,90,1.68
57.73617316294178,-102.01714036418454,flin flon,5954718.0,CA,1520497493,10.1,79,24,3.24
-36.17058017079047,176.5157294295492,whitianga,2179103.0,NZ,1520497493,67.75,100,80,8.61
-3.5228616617526143,127.94685787820492,ambon,3037899.0,FR,1520496955,48.62,94,80,15.95
38.07191361680162,36.569091863172275,goksun,314188.0,TR,1520495400,57.2,82,75,5.82
28.662785121497592,133.41687790014845,kushima,1855476.0,JP,1520495520,66.2,87,75,10.29
25.506364408707896,-80.12562568584762,key biscayne,4160789.0,US,1520495760,60.8,59,75,6.93
24.78992129781001,-91.38076853756124,progreso,3440963.0,UY,1520496000,53.6,81,0,4.7
52.61382093592644,118.82148381424338,ust-karsk,2013942.0,RU,1520497496,7.85,42,0,2.53
5.6103938820732395,12.437372414959725,tibati,2221530.0,CM,1520497497,77.2,74,68,6.26
4.322224793335749,-28.740888081828416,sao filipe,3374210.0,CV,1520497497,69.95,98,0,16.62
-30.53780713782895,155.89329450600167,coffs harbour,2171085.0,AU,1520494200,73.4,64,75,19.46
-1.5308016451614463,-35.961897748373445,aquiraz,3407407.0,BR,1520496000,78.8,88,75,4.7
38.98346624078886,-102.4510803695937,lamar,5427957.0,US,1520495580,21.2,41,1,8.12
52.95914545198039,-117.37736127829406,hinton,5975503.0,CA,1520497499,2.27,66,0,1.97
38.73473586815203,13.05781317082085,terrasini,6537752.0,IT,1520495700,55.4,71,40,8.05
29.390269314979193,-84.59675403330364,tallahassee,4174715.0,US,1520495700,42.8,70,1,5.82
11.663667133971998,99.37397620472854,prachuap khiri khan,1151074.0,TH,1520497501,86.02,62,44,5.82
33.4785316325724,-75.37957432548127,havelock,4470244.0,US,1520495880,39.2,74,1,4.7
76.47178405896105,165.06418546486844,bilibino,2126682.0,RU,1520497502,-14.43,62,20,2.68
-13.465768037525024,-148.23426540164024,tiarei,4033356.0,PF,1520496000,77.0,83,40,3.36
5.682825250746049,-69.51425330122888,la primavera,3844421.0,AR,1520496000,68.0,68,0,3.36
65.47764017983309,67.57651259798351,aksarka,1512019.0,RU,1520497505,4.7,86,0,6.22
67.87720666324151,115.32763460763772,udachnyy,2014624.0,RU,1520497506,-6.24,70,0,4.09
81.68694884743962,106.14416908228293,khatanga,2022572.0,RU,1520497506,-10.65,72,8,13.76
42.521642930512,-108.50743209441707,lander,5830007.0,US,1520495580,33.8,47,1,4.7
18.095435382618064,-115.78289599674152,cabo san lucas,3985710.0,MX,1520497218,71.48,98,0,7.38
-15.581572026038856,-46.00065945642319,arinos,3471522.0,BR,1520497508,68.42,98,88,3.53
42.67824128371154,-109.99012602465561,jackson,4632595.0,US,1520496900,37.4,64,1,10.29
61.71379794487123,162.3074270125888,ossora,2122389.0,RU,1520497511,12.94,77,68,13.65
-10.030587293990507,34.32451824005295,karonga,235715.0,MW,1520497512,78.82,100,48,7.49
31.506883150931728,-109.40988017651628,douglas,5554072.0,US,1520495760,33.8,100,90,12.75
-11.440116039837989,125.86825345980378,soe,587876.0,EE,1520495400,26.6,63,0,11.41
-14.260341410642454,-91.26488304448901,san cristobal,3652462.0,EC,1520496000,51.8,87,75,11.41
-5.33547314509498,149.23584996153653,kandrian,2094746.0,PG,1520497514,80.03,88,92,2.53
43.16978066885787,-1.3091347953794354,bayonne,5095445.0,US,1520498100,35.6,89,1,7.0
40.04721279414383,-72.23405420789233,mastic beach,5126209.0,US,1520497140,35.6,100,90,14.99
53.26821806076606,38.526736789036505,kurkino,538733.0,RU,1520497515,19.78,95,80,13.87
-31.654771486281895,-72.33858300404492,illapel,3887344.0,CL,1520497516,52.81,100,20,1.01
57.908112947098715,-74.64745060735142,chapais,5919850.0,CA,1520494800,24.8,79,90,9.17
31.415900700181425,66.25906680733956,chaman,1181611.0,AF,1520497516,65.23,29,92,6.82
33.26062063892374,12.699244162639843,sabratah,2212771.0,LY,1520497517,62.3,96,12,8.57
64.09729563644063,106.9824280371476,yerbogachen,2012956.0,RU,1520497518,9.7,67,68,6.49
1.8985218084162767,-39.100634764647396,itarema,3393692.0,BR,1520497518,74.63,95,48,5.59
27.945227059901683,105.68145925890917,bijie,1816373.0,CN,1520497518,55.55,58,0,4.54
23.515438742024372,23.635895562571022,jalu,86049.0,LY,1520496964,80.8,24,56,9.06
46.48918666250697,-91.38469870365769,superior,5440838.0,US,1520496000,37.4,67,1,2.46
-6.734192485522414,28.428096712508136,kalemie,214974.0,CD,1520497519,80.48,94,32,5.32
57.583372366407445,18.490556058035082,visby,2662689.0,SE,1520495400,32.0,100,90,6.93
14.832110936176932,120.27813098345928,olongapo,1697175.0,PH,1520496000,91.4,55,40,8.05
35.641147981376946,19.02918533707853,lithakia,258241.0,GR,1520495400,60.8,67,40,14.99
45.66667373370356,-72.73248327491456,acton vale,5882142.0,CA,1520494920,28.4,92,90,11.41
-31.812996378660692,-67.3320262348763,san juan,4568138.0,PR,1520495760,73.4,78,40,4.7
-5.671039728144478,6.998908154344292,gamba,1281256.0,CN,1520497523,25.22,60,0,4.47
5.20842672492256,-19.046088915423468,goderich,5962442.0,CA,1520496914,25.67,87,88,21.81
-49.76940925506534,-61.68194218444695,comodoro rivadavia,3860443.0,AR,1520496000,73.4,56,0,11.41
-22.95718641111783,24.92569264192656,khudumelapye,933562.0,BW,1520497524,69.23,96,92,8.72
65.9290118212071,31.88353416578505,pyaozerskiy,503581.0,RU,1520497525,8.35,80,64,4.21
20.791271988172554,80.91517822346032,dongargaon,1256750.0,IN,1520497525,94.75,33,8,4.7
61.0179772206634,84.47528212977545,belyy yar,1510377.0,RU,1520494200,30.2,46,0,13.42
62.05258295161249,94.01572833640842,severo-yeniseyskiy,1492566.0,RU,1520497526,18.2,50,64,7.56
51.46042320010835,26.602036532931947,dubrovytsya,709493.0,UA,1520497526,37.87,100,20,7.49
38.756738336480964,-17.35476209198731,camacha,2270385.0,PT,1520496000,62.6,88,20,8.05
12.196881209613906,47.80317854092783,bosaso,64013.0,SO,1520496000,78.8,74,0,3.36
25.476337243196582,-19.39221402859303,los llanos de aridane,2514651.0,ES,1520496000,64.4,72,20,4.7
43.699256987333854,141.89535834953438,fukagawa,2130332.0,JP,1520492400,33.8,69,75,14.99
60.51090122364249,99.03795311648867,kodinsk,1503037.0,RU,1520497528,25.45,55,8,7.72
42.33347875946609,46.82842155922023,tsurib,480798.0,RU,1520497529,36.43,83,76,2.35
55.73798809278449,56.83438213097429,karaidel,552862.0,RU,1520497529,13.88,67,0,8.84
26.65558993230715,72.503799572057,phalodi,1259813.0,IN,1520497530,92.63,23,0,7.83
-44.34334400707396,157.91739264411746,te anau,2181625.0,NZ,1520497531,49.97,89,68,2.53
51.875438247030246,4.93241642113648,gorinchem,2755434.0,NL,1520496660,41.0,93,75,17.22
48.803766917497114,20.186208999346462,revuca,723747.0,SK,1520496000,30.2,92,75,2.24
49.17870165019042,105.66114014186746,suhbaatar,2029156.0,MN,1520497532,26.75,64,80,3.69
-10.78292462053787,58.39696053793435,victoria,1733782.0,BN,1520494200,86.0,79,75,11.41
59.990523450196434,8.674732933014752,rjukan,3141682.0,NO,1520495400,30.2,92,90,1.12
-8.937925378526245,44.06095629815755,mitsamiouli,921786.0,KM,1520492400,84.2,89,75,4.7
34.18460644479944,-109.57323392099187,show low,5314245.0,US,1520495700,39.2,32,75,2.01
63.344631460952655,23.627029789797405,kokkola,651951.0,FI,1520495400,12.2,61,0,5.82
64.40932383399706,-132.3577140993068,mayo,6068416.0,CA,1520492400,6.8,71,20,8.05
-4.627932904979659,-41.15491877166207,pedro ii,3392431.0,BR,1520497536,67.57,98,8,2.68
75.05153707882192,-64.01414869293271,narsaq,3421719.0,GL,1520495400,8.6,50,0,2.24
-35.877850311150716,41.86025733760221,beloha,1067565.0,MG,1520497537,87.91,48,0,9.06
-12.073784154827266,10.341794969890088,benguela,3351663.0,AO,1520496000,82.4,65,0,3.87
63.826636030727144,-155.735728046779,kenai,5866063.0,US,1520495760,17.6,100,90,2.19
18.13671402467655,-89.52094231987118,nicolas bravo,4015683.0,MX,1520497538,36.97,88,0,1.34
2.4063092966452047,140.54289247744646,vanimo,2084442.0,PG,1520497539,83.41,100,24,16.78
-23.59036008092231,-48.6450281103408,buri,3468802.0,BR,1520497539,65.23,96,20,7.05
44.564922664017104,21.921021760870303,berzasca,667256.0,RO,1520497540,41.15,99,92,2.75
27.116327071193,-85.93085246102764,springfield,4409896.0,US,1520495520,28.4,74,1,4.7
65.94254710397325,118.72285274097084,nyurba,2018735.0,RU,1520497541,-5.38,56,0,2.75
-11.006861477770045,166.90637252963148,lata,1253628.0,IN,1520497541,56.5,59,12,1.97
46.76932326120237,75.54043976761497,balkhash,1525798.0,KZ,1520497542,29.72,100,0,9.4
40.38632545742462,-97.00984519046266,beatrice,5063646.0,US,1520496900,19.4,92,1,3.69
45.04168946165581,34.92324305826659,staryy krym,692714.0,UA,1520497543,50.92,96,0,2.08
12.835224839346438,56.33000845448271,salalah,286621.0,OM,1520491800,82.4,48,0,4.7
-14.097584197736808,158.58237416791883,honiara,2108502.0,SB,1520496000,82.4,88,40,1.57
43.45977574070275,-3.9433843335565655,camargo,4013724.0,MX,1520497544,45.65,42,0,6.38
60.963251535421506,-57.8910562505196,maniitsoq,3421982.0,GL,1520497545,-2.5,85,0,6.38
24.760472767918017,91.48220646884886,baniachang,1185274.0,BD,1520497545,85.25,54,0,3.31
58.86400783648352,30.16764035555437,batetskiy,578732.0,RU,1520497545,22.12,80,44,7.83
28.336476608124755,8.108214219615519,gat,2249901.0,SN,1520496000,69.8,73,0,2.24
39.36012968374939,118.50614792107467,linxi,1919629.0,CN,1520492400,53.6,81,75,6.71
43.22979889790972,-89.67199000730658,middleton,6073289.0,CA,1520492400,33.8,74,90,18.34
-36.50454478952851,-69.92755865888854,linares,3883167.0,CL,1520497262,49.88,88,12,1.52
50.576645477672685,0.7016357380371971,hastings,2190224.0,NZ,1520497547,64.69,100,92,18.12
3.375859479171467,102.28267869592838,mentakab,1735022.0,MY,1520497548,85.48,72,76,3.47
-18.769484719693978,130.15918818561346,kununurra,2068110.0,AU,1520496000,98.6,22,0,5.82
-11.551404371335607,140.43386731105227,merauke,2082539.0,ID,1520497549,81.83,95,100,11.52
-39.566015449460984,145.77132301152767,wonthaggi,2154826.0,AU,1520497549,71.75,51,0,4.32
56.47449417599654,16.55306611723202,kalmar,2702261.0,SE,1520495400,32.0,95,90,5.82
69.99368487982369,71.31414144823191,yar-sale,1486321.0,RU,1520497550,2.63,85,0,9.24
41.34895776178473,10.43241186681766,olbia,6540127.0,IT,1520495400,53.6,71,0,17.22
21.65592836283966,-55.35856091898229,codrington,2160063.0,AU,1520497551,68.6,73,92,7.83
-23.98408523207263,153.11258185948452,bundaberg,2173323.0,AU,1520497551,79.13,100,80,27.47
-47.43003069992304,-57.51593911977456,viedma,3832899.0,AR,1520497552,68.87,49,0,13.65
4.379665411646158,75.46007616507436,male,695464.0,UA,1520497552,27.7,99,88,6.11
-59.615820950518746,179.50610666306676,dunedin,2191562.0,NZ,1520497553,48.85,91,20,2.68
8.863036271778853,-40.28198347572311,carutapera,3402648.0,BR,1520497553,79.0,93,80,4.81
6.391854326866749,-73.15753587717448,paramo,3689206.0,CO,1520497553,57.8,92,56,2.98
45.50282423835725,-100.01542552261584,pierre,5767918.0,US,1520495580,8.6,84,1,5.82
66.3908573936655,4.480080466799848,roald,3141667.0,NO,1520495400,35.6,74,75,4.7
63.17591002273306,178.60452184786584,beringovskiy,2126710.0,RU,1520497556,11.72,100,48,37.76
53.486692505610336,44.860347554162416,grabovo,559158.0,RU,1520497556,22.25,90,88,10.74
20.082888380702386,122.93714643471304,basco,4863349.0,US,1520495700,24.8,73,1,11.41
16.57585604867316,93.3631665870513,pathein,1328421.0,MM,1520497557,96.32,42,0,4.21
0.9992964460521705,34.899307451886756,kitale,191220.0,KE,1520497557,70.72,75,56,3.76
36.08609478418809,91.95205929288966,lasa,146639.0,CY,1520496000,71.6,56,0,10.29
-23.482198323498963,117.06164340306827,roebourne,2062276.0,AU,1520497558,102.67,13,0,4.76
27.785753993495774,88.22872600977195,mangan,1263776.0,IN,1520497559,36.79,67,48,1.86
-30.203274437634043,179.4287956407204,ngunguru,2186111.0,NZ,1520497559,67.88,100,80,5.77
63.95798692664113,126.50917452134536,sangar,2017215.0,RU,1520497559,-17.62,76,12,2.3
23.619386439976722,-130.34527723008077,lompoc,5367788.0,US,1520495760,46.4,87,1,4.7
34.93894165942886,-111.25559231732498,flagstaff,5294810.0,US,1520495820,50.0,50,1,2.53
31.302063639352838,56.11973703977122,zarand,111421.0,IR,1520497561,69.01,15,0,4.76
20.129386399881767,-1.8642612390178783,araouane,2460954.0,ML,1520497561,77.87,26,0,5.82
63.5707693945964,109.98562213307599,chernyshevskiy,2025456.0,RU,1520497561,4.48,77,64,6.04
71.86221163759006,39.5214766978479,ostrovnoy,556268.0,RU,1520497562,12.31,91,76,11.07
27.475151334347487,-112.08856712298783,santa rosalia,2523920.0,IT,1520495700,55.4,71,40,8.05
-4.135631250625877,-5.103347418511703,tabou,2281120.0,CI,1520497563,82.1,95,76,3.09
57.79767126669742,141.59513125138085,okhotsk,2122605.0,RU,1520496974,9.52,98,44,3.53
33.77812358944081,112.68687813440579,luyang,1808722.0,CN,1520492400,50.0,66,75,11.18
8.651053552383601,131.04541182614383,kloulklubed,7671223.0,PW,1520495520,87.8,58,90,5.82
54.15464268174779,135.71061913389775,chumikan,2025256.0,RU,1520497564,3.58,37,0,8.34
66.40028013742148,66.44804879062215,salekhard,1493197.0,RU,1520497564,6.05,96,20,5.88
47.15498246375418,87.743251257802,altay,1529651.0,CN,1520497565,22.43,67,0,4.88
-20.78775220752557,148.4989886275718,mackay,5921525.0,CA,1520492400,8.6,92,1,3.36
-2.555322801397722,38.36213803731053,wundanyi,178073.0,KE,1520497565,85.25,65,0,4.09
31.625149308888396,56.81412222809723,ravar,118704.0,IR,1520497566,77.87,11,44,2.19
23.43794896826161,63.41081672041068,pasni,1168312.0,PK,1520497566,80.62,66,0,7.56
-13.75373298087915,136.53646362134305,alyangula,2079582.0,AU,1520497567,90.61,85,20,8.01
35.41415493279678,119.39956340534178,rizhao,1797132.0,CN,1520497567,39.08,47,0,17.67
-19.599396120887235,-66.83341912520353,challapata,3921355.0,BO,1520497567,36.2,100,44,0.34
-8.018844594167575,103.68428197579357,labuhan,1641899.0,ID,1520497006,83.14,75,80,1.01
36.96505622020311,6.260644412984334,constantine,2501152.0,DZ,1520496000,41.0,93,75,2.24
52.61063936658712,60.185348317298775,bredy,1508811.0,RU,1520497569,16.36,90,80,5.48
43.58108484589931,-6.494353456009918,tineo,3108087.0,ES,1520496000,48.2,70,75,4.7
59.48884858540822,22.73794241609309,hanko,659101.0,FI,1520497570,27.02,100,80,18.07
-4.52800669995834,-38.20636517279672,beberibe,3405924.0,BR,1520496000,78.8,88,75,4.7
-40.655216453135345,-103.17826429101943,ancud,3899695.0,CL,1520497571,61.0,98,100,8.01
-5.514436090779142,-85.06346781651284,talara,3691582.0,PE,1520497572,70.63,82,56,0.56
4.776050295570997,14.042593230023641,bertoua,2234359.0,CM,1520497572,76.7,89,48,7.49
40.98120885830724,-3.6105470162529514,colmenar viejo,3124765.0,ES,1520496000,41.0,100,90,1.12
42.315290667443804,139.83871918922307,iwanai,2129868.0,JP,1520497573,40.66,96,88,14.05
52.1273294598206,95.6407775900256,toora-khem,1489401.0,RU,1520497573,31.57,60,8,4.36
32.84099021563071,114.93945354585884,jieshou,1805844.0,CN,1520497574,52.13,59,0,10.02
-28.197036046039443,118.71793763819585,northam,2641434.0,GB,1520495400,41.0,80,20,13.87
-31.262522473519077,154.6448271298267,port macquarie,2152659.0,AU,1520496000,71.6,64,75,12.75
60.96403813275586,5.25060514579684,lindas,3147441.0,NO,1520497575,31.97,95,88,2.75
48.191143980745835,145.82556567247542,poronaysk,2121909.0,RU,1520497575,11.86,93,80,2.75
30.284780066062964,-83.14525628542522,lake city,5427796.0,US,1520495760,32.0,54,90,1.97
-11.757580705601029,146.31690659980796,port moresby,2088122.0,PG,1520492400,86.0,66,40,16.11
-26.23006161610995,23.50071599470249,werda,2810970.0,DE,1520496000,42.8,69,75,13.87
-30.734817476392642,39.53713596768196,richards bay,962367.0,ZA,1520497577,82.51,66,88,4.36
-8.58339581339392,-49.73815302665241,conceicao do araguaia,3401845.0,BR,1520497577,74.05,96,24,2.86
